{
  "greet": {
    "precision": 1.0,
    "recall": 0.3333333333333333,
    "f1-score": 0.5,
    "support": 6,
    "confused_with": {
      "nlu_fallback": 1,
      "mood_unhappy": 1
    }
  },
  "bot_challenge": {
    "precision": 1.0,
    "recall": 0.5,
    "f1-score": 0.6666666666666666,
    "support": 4,
    "confused_with": {
      "nlu_fallback": 1,
      "goodbye": 1
    }
  },
  "micro avg": {
    "precision": 1.0,
    "recall": 0.4,
    "f1-score": 0.5714285714285715,
    "support": 10
  },
  "macro avg": {
    "precision": 1.0,
    "recall": 0.41666666666666663,
    "f1-score": 0.5833333333333333,
    "support": 10
  },
  "weighted avg": {
    "precision": 1.0,
    "recall": 0.4,
    "f1-score": 0.5666666666666667,
    "support": 10
  }
}